linker,semfield1,semfield2,pragmatics,atoms
а,соединение(конъюнкция);присоединение(дополнение),противление,,
а в особенности,присоединение(выделение),противление,акцентуализация,"а,в особенности"
а в результате,импликация(следствие),противление,,"а,в результате"
а в то же время,время;противление,,,
а вдобавок,присоединение(дополнение),,,
а ведь,противление,,эпистемика,
а вернее,парафраз,,эпистемика,
а вернее сказать,парафраз,,эпистемика,
а вместе с тем,присоединение(дополнение),противление,,
а всё ж,противление,уступка,,
а всё ж таки,противление,уступка,,
а всё же,противление,уступка,,
а всё-таки,противление,уступка,,
а главное,присоединение(выделение),,оценка,
а если,условие,противление,,
а если и,условие,противление,,
а ещё,присоединение(дополнение);противление,,,
а зато,замещение,противление,,
а значит,импликация(следствие),,,
а и оттого,импликация(причина),,,
а и то,присоединение(дополнение),противление,,
а именно,присоединение(уточнение);парафраз,,акцентуализация,
а иначе,замещение,противление,,
а к тому же,присоединение(дополнение),,,
а кроме того,присоединение(дополнение),противление,,
а лучше сказать,парафраз,,оценка,
а между тем,присоединение(дополнение);время;уступка,,,
а может быть,присоединение(дополнение);противление,,эпистемика,
а не,замещение,противление,,
а не то,замещение;импликация(следствие);дизъюнкция,противление,,
а не то что,замещение;парафраз,,,
а не только,противление,,акцентуализация,
а не только что,противление,,,
а особенно,присоединение(выделение),,акцентуализация,
а оттого,импликация(причина),,,
а потому,импликация(следствие),,,
а поэтому,импликация(следствие),,,
а равно и,соединение;присоединение(дополнение),сравнение,,
а следовательно,импликация(следствие),,,
а стало быть,импликация(следствие),,,
а также,соединение(конъюнкция);присоединение(дополнение),,,
а также и,соединение(конъюнкция);присоединение(дополнение),,,
а тем более,присоединение(выделение),,,
а тем не менее,противление,,,
а то,замещение;импликация(следствие);дизъюнкция,противление,,
а то и,дизъюнкция;присоединение(уточнение),сравнение,,
а точнее сказать,присоединение(уточнение),парафраз,эпистемика,
абы,импликация(цель),,,
авось,,,эпистемика,
аж,импликация(следствие);присоединение(дополнение),степень,,
ай,дизъюнкция,,,
аки,сравнение,,,
али,дизъюнкция,,,
аль,дизъюнкция,,,
без сомнения,,,эпистемика,
безусловно,,,эпистемика,
бесспорно,,,эпистемика,
благо,импликация(причина),,оценка,
благодаря тому что,импликация(причина),,,
благодаря чему,импликация(причина),,,
более того,присоединение(дополнение),,,
больше того,присоединение(дополнение),,,
буде,импликация(условие),,,
будто,сравнение,,,
будто бы,сравнение;импликация(условие),,,
будь то,присоединение(уточнение),дизъюнкция,,
будь...а то,замещение,,,
будь...будь,дизъюнкция,,,
быть может,,,эпистемика,
в зависимости от того что,импликация(условие),,,
в знак того что,импликация(цель),,,
в надежде на то что,импликация(цель),,,
в общем,присоединение(обобщение);парафраз,,,
в особенности,присоединение(выделение),присоединение(уточнение),акцентуализация,
в отношении того что,парафраз;присоединение(уточнение),,,
в первую очередь,присоединение(выделение),,акцентуализация,
в подтверждение того что,импликация(цель),,,
в противном случае,дизъюнкция;замещение,противление,,
в противовес тому что,противление,,,
в противоположность тому как,противление,,,
в противоположность тому что,противление,,,
в расчёте на то что,импликация(цель),,,
в результате того что,импликация(причина),,,
в результате чего,импликация(следствие),,,
в связи с тем что,импликация(причина),,,
в связи с тем чтобы,импликация(цель),,,
в связи с чем,импликация(причина);импликация(следствие),,,
в силу того что,импликация(причина),,,
в случае если,импликация(условие),,,
в сравнении с тем как,сравнение,,,
в сравнении с тем что,сравнение,,,
в тех целях чтобы,импликация(цель),,,
в то время как,противление;время,,,
в то же время,противление;время,,,
в том духе что,парафраз;присоединение(уточнение),,,
в том отношении что,парафраз;присоединение(уточнение),,,
в том плане что,парафраз;присоединение(уточнение),,,
в том случае если,импликация(условие),,,
в том смысле что,парафраз;присоединение(уточнение),,,
в том числе,присоединение(уточнение),,,
в том числе и,присоединение(уточнение),,,
в тот момент как,время,,,
в частности,присоединение(уточнение),,,
ввиду того что,импликация(причина),,,
вдобавок,присоединение(дополнение);присоединение(уточнение),,,
ведь,,,эпистемика,
вернее,парафраз,,эпистемика,
вернее сказать,парафраз,,эпистемика,
верней,парафраз,,эпистемика,
верней сказать,парафраз,,эпистемика,
верно,,,эпистемика,
вероятно,,,эпистемика,
видимо,,,эпистемика,
видимо...раз,импликация(причина),,эпистемика,
видно,,,эпистемика,
видно...что,импликация(следствие),,эпистемика,
вместе с тем,присоединение(дополнение);противление,,,
вместо того чтоб,замещение,,,
вместо того чтобы,замещение,,,
вне всякого сомнения,,,эпистемика,
вне сомнения,,,эпистемика,
во всяком случае,противление;присоединение(обобщение);сравнение,,,
во имя того чтобы,импликация(цель),,,
возможно,,,эпистемика,
вообще,присоединение(обобщение),,,
вообще говоря,присоединение(обобщение),,,
вообще-то,присоединение(обобщение),противление,,
вопреки тому что,уступка,противление,,
вот,присоединение(выделение);присоединение(уточнение);время,,акцентуализация,
вот и,импликация(следствие),,акцентуализация,
вот оттого,импликация(следствие),,акцентуализация,
вот почему,импликация(следствие),,акцентуализация,
вот поэтому,импликация(следствие),,акцентуализация,
вот что,присоединение(дополнение);присоединение(уточнение);импликация(следствие),,акцентуализация,
вплоть до того что,присоединение(уточнение),степень,,
впрочем,присоединение(дополнение),противление,,
временами,время,,,
вроде,сравнение;эпистемика,,,
вроде бы,сравнение;эпистемика,,,
вроде как,сравнение;эпистемика,,,
вроде того что,сравнение,,,
вроде того чтоб,сравнение,,,
вроде того чтобы,сравнение,,,
вслед за тем,время;присоединение(дополнение),,,
вслед за тем как,время;присоединение(дополнение),,,
вследствие того что,импликация(следствие),,,
вследствие чего,импликация(следствие),,,
вследствие этого,импликация(следствие),,,
всё ж,противление,уступка,,
всё ж таки,противление,уступка,,
всё же,противление,уступка,,
всё равно как,сравнение,,,
всё равно одно как,сравнение,,,
всё равно что,сравнение,,,
всё-таки,противление;причина,уступка,,
выходит,импликация(следствие),,,
где б ни,замещение,,,
где бы,замещение,,,
где бы ни,замещение,,,
главное,присоединение(выделение),,"оценка,акцентуализация",
главным образом,присоединение(выделение),,"оценка,акцентуализация",
да,противление;соединение(конъюнкция);присоединение(дополнение),,,
да вдобавок,присоединение(дополнение),,,
да ведь,противление,,эпистемика,
да ещё,присоединение(дополнение);соединение(конъюнкция),,,
да ещё и,присоединение(дополнение);соединение(конъюнкция),,,
да и,присоединение(дополнение);импликация(следствие),,,
да и просто,присоединение(дополнение),,,
да и то,присоединение(дополнение),противление,,
да как,время,,,
дабы,импликация(цель),,,
даже,присоединение(выделение);степень,,акцентуализация,
даже если,импликация(условия),степень,акцентуализация,
далее,присоединение(дополнение);время,,,
дальше,присоединение(дополнение);время,,,
даром что,уступка,противление,,
действительно,,,эпистемика,
дескать,,,источник,
для того чтоб,импликация(цель),,,
для того чтобы,импликация(цель),,,
до тех пор пока,время,,,
до того как,время,,,
добро,импликация(причина),,,
добро б,импликация(условие),,,
добро бы,импликация(условие),противление,,
доколе,время,,,
доколь,время,,,
докуда,время,,,
докудова,время,,,
должно быть,импликация(следствие),,эпистемика,
должно быть...раз,импликация(причина),импликация(следствие),эпистемика,
допустим,,,эпистемика,
достаточно...и,импликация(условие),импликация(следствие),,
достаточно...как,импликация(условие),импликация(следствие),,
достаточно...чтобы,импликация(условие),импликация(следствие),,
другими словами,парафраз,,,
едва,время,,,
едва бы,время,,,
едва как,время,,,
едва лишь,время,,,
едва только,время,,,
едва только...как,время,,,
едва...как,время,,,
ежели,импликация(условие),,,
ежели бы,импликация(условие),,,
если,импликация(условие),,,
если...то,импликация(следствие);сравнение;замещение,импликация(условие),,
если б,импликация(условие),,,
если б и,импликация(условие),,,
если б не,импликация(условие),,,
если бы,импликация(условие),,,
если бы и,импликация(условие),,,
если бы не,импликация(условие),,,
если говорить о...то,импликация(условие),импликация(следствие),,
если даже,импликация(условие),,акцентуализация,
если даже и,импликация(условие),,акцентуализация,
если даже и...так,противление;импликация(следствие),импликация(условие),акцентуализация,
если даже и...то,противление;импликация(следствие),импликация(условие),акцентуализация,
если же,импликация(условие),противление,,
если и...так,противление;импликация(следствие),импликация(условие),,
если и...то,противление;импликация(следствие),импликация(условие),,
если и не...то,противление,импликация(условие),,
если не,импликация(условие),замещение,,
если не...то,импликация(следствие);замещение,"импликация(условие),противление",,
если не...так,импликация(следствие);замещение,"импликация(условие),противление",,
если не...так хоть,замещение,"импликация(условие),противление",,
если не...то во всяком случае,импликация(следствие);замещение,"импликация(условие),противление",,
если не...то по крайней мере,импликация(следствие);замещение,"импликация(условие),противление",,
если не...то хотя бы,замещение,"импликация(условие),противление",,
если только,импликация(условие),,акцентуализация,
если уж,причина;условие,"причина,условие",,
если...так,импликация(следствие);замещение,импликация(условие),,
если...так стало быть,импликация(следствие);замещение,импликация(условие),,
если...то для того чтобы,импликация(следствие);замещение;импликация(цель),импликация(условие),,
если...то значит,импликация(следствие);замещение,импликация(условие),,
если...то тогда,импликация(следствие);замещение,импликация(условие),,
если...тогда,импликация(следствие);замещение,импликация(условие),,
естественно,,,эпистемика,
ещё,присоединение(дополнение);сравнение,"адверсативность,конъюнкция",,
ж,противопоставление;присоединение(дополнение),соединение(конъюнкция),,
же,противопоставление;присоединение(дополнение);импликация(причина),соединение(конъюнкция),,
за исключением того что,присоединение(уточнение),,,
за счёт того что,средство,импликация(причина),,
за то что,импликация(причина),,,
затем,время;импликация(цель);присоединение(дополнение),,,
затем что,импликация(цель);импликация(причина),,,
затем чтоб,импликация(цель),,,
затем чтобы,время;импликация(цель);присоединение(дополнение),,,
зато,противление;замещение;импликация(следствие),,,
зачем,импликация(цель);импликация(причина),,,
значит,импликация(следствие),,,
и,противление;соединение(конъюнкция);присоединение(дополнение);акцентуализация,,,
и без того...а тут ещё,противление,присоединение(дополнение),,
и в особенности,присоединение(выделение),,акцентуализация,
и в результате,импликация(следствие),,,
и в то же время,время;противление,,,
и в том числе,присоединение(уточнение),,,
и вдобавок,присоединение(дополнение),,,
и вместе с тем,присоединение(дополнение),,,
и вообще,присоединение(обобщение),,,
и вот,импликация(следствие),,акцентуализация,
и вот оттого,импликация(причина),,акцентуализация,
и вот почему,импликация(причина),,акцентуализация,
и вот поэтому,импликация(причина),,акцентуализация,
и всё ж,противление,уступка,,
и всё ж таки,противление,уступка,,
и всё же,противление,уступка,,
и всё равно,противление,уступка,,
и всё-таки,противление,уступка,,
и значит,импликация(следствие),,,
и к тому же,присоединение(дополнение),,,
и кроме того,присоединение(дополнение),,,
и кстати говоря,присоединение(дополнение),,,
и лишь,присоединение(выделение),противление,акцентуализация,
и наконец,присоединение(дополнение);время,,,
и наоборот,противление,,,
и напротив,противление,,,
и несмотря на это,уступка,противление,,
и однако,противление,,,
и особенно,присоединение(выделение),,,
и оттого,импликация(причина),,,
и потому,импликация(причина),,,
и поэтому,импликация(причина),,,
и правда,,,эпистемика,
и притом,присоединение(дополнение),,,
и следовательно,импликация(следствие),,,
и стало быть,импликация(следствие),,эпистемика,
и так...а тут ещё,присоединение(дополнение),,акцентуализация,
и также,соединение(конъюнкция);присоединение(дополнение),,,
и таким образом,импликация(следствие);присоединение(обобщение),,,
и тем более,присоединение(дополнение),,,
и тем не менее,противление,,,
и тем самым,средство,импликация(причина),,
и теперь,время;присоединение(дополнение),,,
и то,противление;присоединение(уточнение),,,
и...так,противление,,,
и...только,противление,,акцентуализация,
ибо,импликация(причина),,,
из-за того что,импликация(причина),,,
или,дизъюнкция;замещение;соединение(конъюнкция);присоединение(дополнение);парафраз,,,
или иначе,парафраз,,,
иль,дизъюнкция;замещение;соединение(конъюнкция);присоединение(дополнение);парафраз,,,
именно,присоединение(выделение),,акцентуализация,
иначе,противление;замещение;парафраз,,,
иначе говоря,парафраз,,,
иными словами,парафраз,,,
исходя из того что,импликация(причина),,,
итак,присоединение(обобщение);импликация(следствие),,,
к примеру,присоединение(иллюстрация),,,
к слову,присоединение(дополнение),,,
к слову сказать,присоединение(дополнение),,,
к тому ж,присоединение(дополнение),,,
к тому же,присоединение(дополнение),,,
кабы,импликация(условие),,,
кажется,,,эпистемика,
как,время;сравнение;источник,,,
как...так,сравнение;время,соединение(конъюнкция),,
как...так и,сравнение;время,соединение(конъюнкция),,
как будто,сравнение,сравнение,оценка,
как будто бы,сравнение,сравнение,,
как бы,сравнение,,оценка,
как бы ни,импликация(условие),противление,,
как вдруг,время,,,
как всё равно,сравнение,,,
как если бы,сравнение,,,
как и,сравнение,,,
как например,присоединение(иллюстрация),сравнение,,
как ни,противление,импликация(условие),,
как раз,время,,,
как раз и,время,,,
как скоро,время,,,
как то,присоединение(уточнение),,,
как только,время,,,
какой бы ни,импликация(условие),,,
какой ни,импликация(условие),,,
когда,время;импликация(причина);импликация(условие),,,
когда б,импликация(условие),,,
когда б не,импликация(причина),,,
когда б ни,время,,,
когда бы,импликация(условие),,,
когда бы не,импликация(причина),,,
когда бы ни,время,,,
когда ни,время,,,
когда уж,импликация(условие),,,
когда...так,время,,,
когда...то,время,,,
когда...то тогда и,время,,,
когда...тогда,время,,,
когда...тогда же,время,,,
коли,импликация(условие);импликация(причина),,,
коли бы,импликация(условие),,,
коли уж,импликация(условие),,,
коль,импликация(условие);импликация(причина),,,
коль скоро,импликация(условие);импликация(причина),,,
конечно,,,эпистемика,
конечно...раз,импликация(причина),,эпистемика,
коротко говоря,парафраз;присоединение(обобщение),,,
короче,парафраз;присоединение(обобщение),,,
короче говоря,парафраз;присоединение(обобщение),,,
кроме как,присоединение(уточнение),противление,,
кроме того,присоединение(дополнение),,,
кроме того что,присоединение(дополнение),,,
кстати,присоединение(дополнение),,,
ладно,противление;уступка,,оценка,
ладно бы,импликация(условие),,оценка,
ладно если бы,импликация(условие),,оценка,
ли,импликация(условие),,,
ли...или,дизъюнкция,,,
ли...ли,дизъюнкция,,,
ли...ли...ли...,дизъюнкция,,,
либо,дизъюнкция;замещение;соединение(конъюнкция),,,
либо...либо...то ли,дизъюнкция,,,
лишь,противление;присоединение(уточнение);время;импликация(цель),,акцентуализация,
лишь бы,импликация(цель);импликация(условие),,акцентуализация,
лишь бы только,импликация(цель),,акцентуализация,
лишь только,время,,акцентуализация,
лишь только б,импликация(цель),,акцентуализация,
лишь только бы,импликация(цель),,акцентуализация,
лучше,парафраз,,оценка,
лучше сказать,парафраз,,оценка,
лучше...чем,сравнение,,оценка,
ль,дизъюнкция;условие,условие,,
мало того что,присоединение(дополнение);время,,,
мало того что...ещё и,присоединение(дополнение),,,
меж тем,присоединение(дополнение);время,,,
меж тем как,время,,,
между прочим,присоединение(уточнение),,,
между тем,время;противление,,,
между тем как,время;противление,,,
местами,присоединение(дополнение),,,
может,,,эпистемика,
может быть,,,эпистемика,
может и,соединение(конъюнкция),,эпистемика,
мол,,,источник,
на основании того что,импликация(причина),,,
на случай если,импликация(условие),,,
на счёт того что,присоединение(выделение),,,
на то и...чтобы,импликация(причина),импликация(цель),,
на том основании что,импликация(причина),,,
на тот случай если,импликация(условие),,если,
наверно,,,эпистемика,
наверное,,,эпистемика,
надо полагать,,,эпистемика,
надо сказать,присоединение(дополнение),,,
наконец,присоединение(дополнение);время,,,
наоборот,противление,,,
наподобие того как,сравнение,,,
наподобие того что,сравнение,,,
например,присоединение(иллюстрация),,,
напротив,противление,,,
наряду с тем что,присоединение(дополнение);время,сравнение,,
наряду с этим,присоединение(дополнение);время,сравнение,,
насколько...настолько,сравнение,,,
насчёт того что,присоединение(уточнение),,акцентуализация,
начиная с того что,присоединение(уточнение),,,
не в пример тому как,противление,,,
не настолько...чтобы,сравнение,импликация(цель),,
не просто...а,замещение,присоединение(уточнение),,
не просто...но,замещение,присоединение(уточнение),,
не проходит...чтобы не,время,,,
не прошло...а,время,,,
не прошло...как,время,,,
не прошло...чтобы не,время,,,
не сказать чтобы,замещение,,эпистемика,
не столь...сколь,замещение,противление,,
не столько...а,замещение,противление,,
не столько...как,замещение,противление,,
не столько...но,замещение,противление,,
не столько...сколько,замещение,противление,,
не так...как,замещение;сравнение;степень,противление,,
не так чтоб...а,замещение,противление,,
не так чтоб...но,замещение,противление,,
не так чтобы...а,замещение,противление,,
не так чтобы...но,замещение,противление,,
не то,импликация(условие);дизъюнкция,,,
не то...не то,дизъюнкция,,,
не то что,замещение,противление,,
не то чтобы,замещение,,,
не только,присоединение(дополнение);противление,,,
не только...а,присоединение(дополнение),"противление,присоединение(конъюнкция)",,
не только...а и,присоединение(дополнение);противление;соединение(конъюнкция),соединение(конъюнкция),,
не только...но,присоединение(дополнение),"противление,присоединение(конъюнкция)",,
не только...но и,присоединение(дополнение);противление,соединение(конъюнкция),,
не только не...а,присоединение(дополнение),"противление,присоединение(конъюнкция)",,
не только не...но даже,присоединение(дополнение);противление,соединение(конъюнкция),акцентуализация,
не только...а даже,присоединение(дополнение),"сравнение,присоединение(конъюнкция)",акцентуализация,
не только...а ещё,присоединение(дополнение),соединение(конъюнкция),,
не только...а кроме того,присоединение(дополнение),соединение(конъюнкция),,
не только...а притом ещё,присоединение(дополнение),соединение(конъюнкция),,
не только...а также,присоединение(дополнение),соединение(конъюнкция),,
не только...даже,присоединение(дополнение),соединение(конъюнкция),акцентуализация,
не только...но даже,присоединение(дополнение),"сравнение,соединение(конъюнкция)",акцентуализация,
не только...но ещё,присоединение(дополнение),соединение(конъюнкция),,
не только...но к тому же,присоединение(дополнение),соединение(конъюнкция),,
не только...но притом,присоединение(дополнение),соединение(конъюнкция),,
не только...но также,присоединение(дополнение),соединение(конъюнкция),,
не успел...как,время,,,
не успел...как вдруг,время,,,
не что другое как,присоединение(выделение),,,
не что иное как,присоединение(выделение),,,
невзирая на то что,противление,уступка,,
нежели,сравнение,,,
независимо от того что,противление;уступка,,,
нельзя сказать чтобы...но,замещение,заместительные отношения,,
несмотря на то что,уступка,противление,,
несомненно,,,эпистемика,
нет бы,замещение,,,
нет того чтоб,замещение,,,
нет того чтобы,замещение,,,
нет чтоб,замещение,,,
нет чтобы,замещение,,,
ни...ни,соединение(конъюнкция),,,
но,противление;соединение(конъюнкция),,,
но в то же время,время;противление,,,
но ведь,противление,,эпистемика,
но вместе с тем,присоединение(дополнение);время,противление,,
но всё ж,противление,уступка,,
но всё ж таки,противление,уступка,,
но всё же,противление,уступка,,
но всё-таки,противление,уступка,,
но зато,замещение,противление,,
но и,противление;присоединение(дополнение);присоединение(конъюнкция),,,
но и  то,противление,,,
но между тем,присоединение(дополнение);время;уступка,,,
но также,соединение(конъюнкция),противление,,
но тем не менее,противление,,,
но только,присоединение(выделение),противление,акцентуализация,
ну,присоединение(дополнение);импликация(следствие),,акцентуализация,
ну и,присоединение(дополнение);импликация(следствие),,,
однако,противление;присоединение(дополнение);акцентуализация,,,
одним словом,присоединение(обобщение);парафраз,,,
оно и,импликация(следствие),,,
опять же,присоединение(выделение),,акцентуализация,
опять-таки,присоединение(выделение),,акцентуализация,
оттого и,импликация(причина),,,
оттого что,импликация(причина),,,
отчего,импликация(причина),импликация(следствие),,
отчего и,импликация(причина),импликация(следствие),,
очевидно,,,эпистемика,
перед тем как,время,,,
по всей вероятности,,,эпистемика,
по крайней мере,противление,,,
по меньшей мере,противление,,,
по мере того как,время,,,
по мне,,,источник,
по поводу того что,присоединение(уточнение);присоединение(дополнение),,,
по преимуществу,присоединение(уточнение);присоединение(дополнение),,,
по причине того что,импликация(причина),,,
по причине того чтобы,импликация(причина),,,
по случаю того что,импликация(причина);присоединение(уточнение);присоединение(дополнение),,,
по сравнению с тем как,сравнение,,,
по сравнению с тем что,сравнение,,,
по той причине что,импликация(причина),,,
по той простой причине что,импликация(причина),,,
по тому поводу что,импликация(причина);присоединение(уточнение);присоединение(дополнение),,,
по-видимому,,,эпистемика,
по-моему,,,источник,
по-твоему,,,источник,
под видом того что,импликация(причина),,,
под предлогом того что,импликация(причина),,,
под предлогом что,импликация(причина),,,
под тем предлогом что,импликация(причина),,,
подобно тому как,сравнение,,,
поелику,импликация(причина),,,
пожалуй...но,противление,,эпистемика,
пока,время,,,
пока не,время,,,
покамест,время,,,
покамест не,время,,,
поколе,время,,,
поколь,время,,,
покуда,время,,,
покуда не,время,,,
покудова,время,,,
положим,импликация(условие),,,
помимо того,присоединение(дополнение),,,
помимо того что,присоединение(дополнение),,,
понеже,импликация(причина),,,
понятно,,,эпистемика,
попросту,противление,,"эпистемика,оценка",
посколько...постольку,импликация(причина),"импликация(следствие),степень",,
поскольку,импликация(причина),,,
поскольку...то,импликация(причина),импликация(следствие),,
поскольку...постольку,импликация(причина),"импликация(следствие),степень",,
поскольку...следовательно,импликация(причина),импликация(следствие),,
поскольку...то значит,импликация(причина),импликация(следствие),,
поскольку...то следовательно,импликация(причина),импликация(следствие),,
после того как,время,,,
после чего,время,,,
постольку,импликация(следствие);степень,,,
постольку...поскольку,степень;импликация(причина),"сравнение,импликация(следствие),степень",,
постольку поскольку,импликация(причина);степень,,,
потом,присоединение(дополнение);время,,,
потому,импликация(причина);импликация(следствие),,,
потому как,импликация(причина),,,
потому что,импликация(причина),,,
потому чтоб,импликация(причина),,,
потому чтобы,импликация(причина),,,
почему,импликация(причина);импликация(следствие),,,
почему и,импликация(следствие),,,
поэтому,импликация(причина);импликация(следствие),,,
правда,противление,,эпистемика,
правильнее,парафраз,,оценка,
правильнее говоря,парафраз,,оценка,
правильнее сказать,парафраз,,оценка,
предположим,,,эпистемика,
прежде всего,присоединение(выделение);время,,,
прежде нежели,время,,,
прежде чем,время,,,
при всём том,присоединение(дополнение),противление,,
при всём том что,противление,,,
при том условии что,импликация(условие),,,
при том что,присоединение(дополнение);противление,,,
при условии что,импликация(условие),,,
при этом,присоединение(дополнение);противление,,,
притом,присоединение(дополнение);противление,,,
притом ещё,присоединение(дополнение);противление,,,
причем,присоединение(дополнение);противление,,,
причём,присоединение(дополнение);противление,,,
причём ещё,присоединение(дополнение);противление,,,
промеж тем,время,,,
просто,противление;присоединение(дополнение);импликация(причина);степень,,,
просто как,противление;присоединение(дополнение);импликация(причина);степень,,,
проще сказать,парафраз,,,
прямо как,сравнение,,,
прямо-таки как,сравнение,,,
пускай,уступка;импликация(условие);противление,,,
пускай бы,уступка;импликация(условие);противление,,,
пусть,уступка;импликация(условие);противление,,,
пусть бы,замещение;импликация(условие);сравнение,,,
пущай,уступка;импликация(условие);противление,,,
равно и,присоединение(дополнение),сравнение,,
равно как,присоединение(дополнение),сравнение,,
равно как и,присоединение(дополнение),сравнение,,
ради того чтоб,импликация(цель),,,
ради того чтобы,импликация(цель),,,
раз,импликация(условие);импликация(причина),,,
раз...так,импликация(условие);импликация(причина),импликация(следствие),,
раз...то,импликация(условие);импликация(причина),импликация(следствие),,
раз так,импликация(условие);импликация(причина),,,
раз так...то,импликация(условие);импликация(причина),импликация(следствие),,
раз уж,импликация(условие);импликация(причина),,,
раз...значит,импликация(условие);импликация(причина),импликация(следствие),,
раз...то затем чтобы,импликация(условие);импликация(причина),импликация(цель),,
раз...то оттого что,импликация(условие);импликация(причина),причина,,
раз...то стало быть,импликация(условие);импликация(причина),импликация(следствие),,
раз...то тут,импликация(условие);импликация(причина),импликация(следствие),,
разве,присоединение(уточнение);замещение;импликация(условие),,,
разве вот,присоединение(уточнение);замещение;импликация(условие),,акцентуализация,
разве где,присоединение(уточнение);замещение;импликация(условие),,,
разве как,присоединение(уточнение);замещение;импликация(условие),,,
разве когда,присоединение(уточнение);замещение;импликация(условие),,,
разве лишь,присоединение(уточнение);замещение;импликация(условие),,акцентуализация,
разве только,присоединение(уточнение);замещение;импликация(условие),,акцентуализация,
разве только что,присоединение(уточнение);замещение;импликация(условие),,акцентуализация,
разве что,присоединение(уточнение);замещение;импликация(условие),,,
разве чуть,присоединение(уточнение);замещение;импликация(условие),,,
разумеется,,,эпистемика,
раньше чем,время,,,
реже,присоединение(уточнение),,,
ровно,сравнение,,,
ровно бы,сравнение,,,
с другой стороны,присоединение(дополнение),противление,,
с таким расчётом чтоб,импликация(цель),,,
с таким расчётом чтобы,импликация(цель),,,
с тем расчётом чтоб,импликация(цель),,,
с тем расчётом чтобы,импликация(цель),,,
с тем условием что,импликация(условие),,,
с тем чтоб,импликация(цель),,,
с тем чтобы,импликация(цель),,,
с тех пор как,время,,,
с тех пор когда,время,,,
с той разницей что,противление,,,
с той целью чтоб,импликация(цель),,,
с той целью чтобы,импликация(цель),,,
с точки зрения,,,источник,
с условием что,импликация(условие),,,
с целью,импликация(цель),,,
с целью чтоб,импликация(цель),,,
с целью чтобы,импликация(цель),,,
само собой,,,эпистемика,
само собой разумеется,,,эпистемика,
сверх того,присоединение(дополнение),,,
сверх того что,присоединение(дополнение),,,
сиречь,парафраз;присоединение(уточнение),,,
скажем,парафраз;присоединение(дополнение),,эпистемика,
сколь...столь,сравнение,степень,,
сколь...столь и,сравнение,степень,,
сколь бы ни,противление,,,
сколь ни,противление,,,
сколько...столько же,сравнение,степень,,
сколько...столько же и,сравнение,степень,,
сколько б ни,противление,,,
сколько бы ни,противление,,,
сколько ни,противление,,,
сколько...столько,сравнение,степень,,
скорее,сравнение,,эпистемика,
скорее...нежели,сравнение,замещение,эпистемика,
скорее...чем,сравнение,замещение,эпистемика,
следовательно,импликация(следствие),,,
следственно,импликация(следствие),,,
слишком...чтобы,сравнение,"степень,импликация(следствие)",,
словно,сравнение,,,
словно б,сравнение,,,
словно бы,сравнение,,,
словно как,сравнение,,,
словом,присоединение(обобщение);парафраз,,,
смотря по тому,импликация(условие),,,
смотря по тому как,импликация(условие),,,
смотря по тому что,импликация(условие),,,
собственно,присоединение(дополнение),,,
собственно говоря,присоединение(дополнение),,,
совсем как,сравнение,,,
соответственно и,импликация(следствие);сравнение,,,
стало быть,импликация(следствие),,,
стало быть...когда,импликация(следствие),импликация(причина),,
стало быть...что,импликация(следствие),импликация(причина),,
стоило...и,время,,,
стоило...как,время,,,
стоило...чтобы,время,импликация(следствие),,
стоит...и,время,,,
стоит...как,время,,,
стоит...чтобы,время,импликация(следствие),,
столь же...сколь,сравнение,"сравнение,степень",,
столь же...сколь и,степень,сравнение,,
столь же...как и,сравнение,степень,,
столько...сколько,степень,"конъюнкция,сравнение",,
столько же...сколько,степень,сравнение,,
столько же...сколько и,степень;сравнение,"сравнение,степень",,
столько же...как и,сравнение,степень,,
столько...столько же и,сравнение,степень,,
судя по всему,импликация(следствие),,эпистемика,
судя по тому что,импликация(причина);импликация(условие),,,
так,противление;присоединение(иллюстрация);импликация(причина);импликация(следствие),,,
так же,соединение(конъюнкция);сравнение,,,
так же как,соединение(конъюнкция);сравнение,,,
так же как и,соединение(конъюнкция);сравнение,,,
так и,сравнение;время,,,
так как,импликация(причина),причина,,
так как...стало быть,импликация(причина),импликация(следствие),,
так как...то,импликация(причина),импликация(следствие),,
так как...то следовательно,импликация(причина),импликация(следствие),,
так что,импликация(причина);импликация(следствие),,,
так чтоб,импликация(цель),,,
так чтобы,импликация(цель),,,
также,соединение(конъюнкция);присоединение(дополнение),сравнение,,
также как,соединение(конъюнкция);присоединение(дополнение),сравнение,,
таким образом,присоединение(обобщение);импликация(следствие),,,
тем,степень,сравнение,,
тем...чем,степень,сравнение,,
тем более,присоединение(дополнение);противление;импликация(причина),,,
тем более что,присоединение(дополнение);противление;импликация(причина),,,
тем временем,время,,,
тем не менее,противление,,,
тем паче,противление,,,
тем паче что,противление,,,
тем самым,средство;импликация(причина),,,
теперь,время,,,
то,дизъюнкция;время,,,
то...то,дизъюнкция;время,,,
то бишь,присоединение(уточнение);парафраз,,,
то есть,присоединение(уточнение);парафраз,,,
то ли...то ли,дизъюнкция;замещение,,,
то...то...а то,дизъюнкция;время,,,
тогда,импликация(следствие);импликация(причина);время,,,
тогда как,противление,,,
тоже,соединение(конъюнкция);присоединение(дополнение);сравнение,,,
только,противление;присоединение(выделение);время;импликация(условие),"адверсативность,условие",акцентуализация,
только...вдруг,время,,акцентуализация,
только...как,время,,акцентуализация,
только...как вдруг,время,,акцентуализация,
только б,импликация(цель),,акцентуализация,
только бы,импликация(цель),,акцентуализация,
только бы не,импликация(цель),,акцентуализация,
только лишь,время,,акцентуализация,
только что,время,,акцентуализация,
только что...как,время,,акцентуализация,
только что...как вдруг,время,,акцентуализация,
только-только,время,,акцентуализация,
только...а,время,,акцентуализация,
точнее,присоединение(уточнение);парафраз,,,
точнее говоря,присоединение(уточнение);парафраз,,,
точнее сказать,присоединение(уточнение);парафраз,,,
точно,присоединение(уточнение);парафраз;сравнение,,,
точно бы,сравнение,,,
точно так же как,сравнение,,,
точно так же как и,сравнение,,,
точь-в-точь как,сравнение,,,
тут,присоединение(уточнение);присоединение(дополнение),,,
хорошо если,степень,,оценка,
хоть,уступка;дизъюнкция;степень;импликация(условие),противление,,
хоть бы,уступка,противление,,
хоть бы...а то,импликация(условие),противление,,
хоть и,уступка,противление,,
хоть не...так,уступка,противление,,
хотя,уступка;импликация(условие),противление,,
хотя б,уступка;импликация(условие),противление,,
хотя бы,уступка;импликация(условие),противление,,
хотя и,уступка;импликация(условие),противление,,
хотя...только,уступка;импликация(условие),противление,,
чаще,присоединение(дополнение),,,
чем,замещение;сравнение,сравнение,,
чем...тем,степень,сравнение,,
чем бы,замещение,,,
чем бы...а,замещение,противление,,
чем дальше тем...,степень,,,
чем...лучше,сравнение,,,
чисто,сравнение;присоединение(дополнение),,,
читай,парафраз,,,
что,дизъюнкция;сравнение;время;импликация(условие);импликация(причина),,,
что...что,соединение(конъюнкция);дизъюнкция,,,
что бы,замещение,,,
что до того...то,присоединение(выделение),,,
что до...то,присоединение(выделение),,,
что же касается,присоединение(выделение),,,
что касается,присоединение(выделение),,,
что касается...то,присоединение(выделение),,,
чтоб,импликация(цель);импликация(следствие);импликация(причина),,,
чтобы,импликация(цель);импликация(следствие);импликация(причина),,,
чтобы не сказать,парафраз;замещение,,,
чуть,время,,,
чуть лишь,время,,акцентуализация,
чуть только,время,,акцентуализация,
чуть только...а уже,время,,акцентуализация,
чуть только...как,время,,акцентуализация,
чуть...и,время,,,
чуть...и уже,время,,,
якобы,,,эпистемика,
а как...тут и,время,,,
а притом еще,присоединение(дополнение),,,
а скорее всего,замещение,,эпистемика,
без всякого сомнения,,,эпистемика,
буквально,,,эпистемика,
в данном случае,присоединение(уточнение),,,
в другом случае,дизъюнкция;противление;сравнение,,,
в конечном итоге,присоединение(обобщение),,,
в конечном счете,присоединение(обобщение),,,
в момент когда,время,,,
в одном случае,дизъюнкция;противление;сравнение,,,
в принципе,присоединение(дополнение),,,
в противовес,противление,,,
в противоположность,противление,,,
в расчете на,импликация(цель),,,
в результате,импликация(следствие),,,
в самом деле,,,эпистемика,
в свете,импликация(причина),,,
в свете того что,импликация(причина),,,
в связи с,импликация(причина),,,
в связи с этим,импликация(следствие),,,
в силу,импликация(причина),,,
в случае,импликация(условие),,,
в смысле,парафраз,,,
в сравнении с,сравнение,,,
в сущности,присоединение(выделение),,,
в такой же мере как,сравнение,степень,,
в таком случае,присоединение(уточнение),,,
в той же мере как,сравнение,степень,,
в той же мере что,сравнение,,,
в том ключе что,парафраз;присоединение(уточнение),,,
в том плане чтобы,парафраз;присоединение(уточнение),,,
в тот...как,время,,,
в тот...когда,время,,,
в условиях если,импликация(условие),,,
в условиях когда,импликация(условие),,,
в условиях что,импликация(условие),,,
в целом,присоединение(обобщение),,,
в этом случае,присоединение(уточнение),,,
важно отметить,присоединение(выделение),,"акцентуализация,оценка",
важно понимать,присоединение(выделение),,"акцентуализация,оценка",
важно понять,присоединение(выделение),,"акцентуализация,оценка",
ввиду,импликация(причина),,,
в-восьмых,присоединение(уточнение),,,
в-девятых,присоединение(уточнение),,,
вдруг,время,,акцентуализация,
вероятнее,,,эпистемика,
вероятнее всего,,,эпистемика,
вероятней всего,,,эпистемика,
вместо этого,замещение,,,
во время когда,время,,,
во-вторых,присоединение(уточнение),,,
во-первых,присоединение(уточнение),,,
вопреки,противление,,,
вот только,противление,,акцентуализация,
вполне вероятно,,,эпистемика,
вполне понятно,,,эпистемика,
в-пятых,присоединение(уточнение),,,
всё одно как,сравнение,,,
в-седьмых,присоединение(уточнение),,,
в-третьих,присоединение(уточнение),,,
в-четвертых,присоединение(уточнение),,,
в-шестых,присоединение(уточнение),,,
грубо говоря,парафраз;присоединение(обобщение),,,
дело в том что,импликация(причина);присоединение(уточнение),,эпистемика,
другой...как,присоединение(уточнение),,,
если говорить о,присоединение(уточнение),импликация(условие),,
если можно сказать,парафраз,,,
если можно так выразиться,парафраз,,,
еще бы,импликация(условие),,,
заодно,время;присоединение(дополнение),,,
и без того,присоединение(дополнение),,,
и вот пожалуйста,импликация(следствие),,акцентуализация,
и всё,импликация(следствие),,,
и несмотря на,уступка,противление,,
и так,присоединение(дополнение),,,
и того лучше,присоединение(выделение),,оценка,
и того хуже,присоединение(выделение),,оценка,
известно,,,эпистемика,
из-за чего,импликация(следствие),,,
или правильнее,парафраз,,оценка,
или скорее,парафраз,,эпистемика,
или того лучше,дизъюнкция,присоединение(выделение),оценка,
или того хуже,дизъюнкция,присоединение(выделение),оценка,
иной...как,присоединение(уточнение),,,
интересно,,,"оценка,акцентуализация",
к несчастью,,,оценка,
к огорчению,,,оценка,
к прискорбию,,,оценка,
к радости,,,оценка,
к сожалению,,,оценка,
к удивлению,,,оценка,
каждый раз когда,время,,,
казалось бы,,,эпистемика,
как бы то ни было,импликация(следствие);присоединение(уточнение),противление,,
как видите,присоединение(обобщение),,,
как выяснилось,присоединение(дополнение),,,
как знать,,,эпистемика,
как известно,,,эпистемика,
как правило,,,эпистемика,
как-никак,импликация(причина),,,
ко всему прочему,присоединение(дополнение),,,
коли даже,импликация(условие),,,
коли же,импликация(условие),,,
коли и,импликация(условие),,,
кстати говоря,присоединение(дополнение),,,
логично предположить,,,эпистемика,
мало того,присоединение(дополнение),,,
может оказаться,,,эпистемика,
может показаться,,,эпистемика,
может статься,,,эпистемика,
мягко выражаясь,парафраз,,,
мягко говоря,парафраз,,,
мягко сказать,парафраз,,,
на первый взгляд,,,эпистемика,
на самом деле,,,эпистемика,
на худой конец,присоединение(уточнение),,,
надо думать,,,эпистемика,
наряду с,присоединение(дополнение),сравнение,,
насчет того,присоединение(уточнение),,акцентуализация,
не говоря о том,присоединение(уточнение),,,
не говоря уже о том,присоединение(уточнение),,,
не прямо...а,замещение,противление,,
не прямо...но,замещение,противление,,
не считая,присоединение(уточнение),,,
не считая того,присоединение(уточнение),,,
не то чтоб,замещение,,,
нельзя сказать что,,,"оценка,эпистемика",
необходимо отметить,присоединение(выделение),,акцентуализация,
необходимо учесть,присоединение(выделение),,акцентуализация,
необходимо учитывать,присоединение(выделение),,акцентуализация,
несмотря на,уступка,,,
несмотря ни на что,уступка,,,
нечего делать,уступка,,,
никуда не денешься,уступка,,,
никуда не деться,уступка,,,
но даже,присоединение(уточнение),,акцентуализация,
но еще,присоединение(дополнение),,,
но к тому же,присоединение(дополнение),противление,,
но притом,присоединение(дополнение),противление,,
ну хоть,противление,,,
образно говоря,парафраз,,,
оказывается,,,эпистемика,
откровенно говоря,парафраз,,,
относительно того,присоединение(дополнение),,,
отчасти...отчасти,присоединение(конъюнкция),,,
плюс,присоединение(дополнение),,,
плюс к тому,присоединение(дополнение),,,
плюс к этому,присоединение(дополнение),,,
плюс ко всему,присоединение(дополнение),,,
плюсом ко,присоединение(дополнение),,,
по идее,,,эпистемика,
по мнению,,,источник,
по правде,,,источник,
по правде говоря,,,источник,
по правде сказать,,,источник,
по преданию,,,источник,
по сведениям,,,источник,
по словам,,,источник,
по совести,,,источник,
по совести говоря,,,источник,
по сообщению,,,источник,
по справедливости,,,оценка,
по сути,присоединение(уточнение),,эпистемика,
по сути говоря,,,эпистемика,
по сути дела,,,эпистемика,
по существу,присоединение(уточнение),,эпистемика,
по счастию,,,оценка,
по счастью,,,оценка,
пожалуй,,,эпистемика,
помимо всего,присоединение(уточнение),,,
помимо всего прочего,присоединение(уточнение),,,
помимо этого,присоединение(уточнение),,,
попросту говоря,парафраз,,,
похоже,,,эпистемика,
предположительно,,,эпистемика,
проще говоря,парафраз,,,
пускай...лишь,импликация(условие),,акцентуализация,
пускай...только,импликация(условие),,акцентуализация,
с одной стороны,присоединение(дополнение),,,
с той лишь разницей,противление,,акцентуализация,
с той лишь целью,импликация(цель),,акцентуализация,
с той только разницей,противление,,акцентуализация,
с той только целью,импликация(цель),,акцентуализация,
сообщают,,,источник,
соотвественно,импликация(следствие);сравнение,,,
сразу как,время,,,
столь...что,степень,"импликация(следствие),импликация(причина)",,
столько...что,степень,"импликация(следствие),импликация(причина)",,
строго говоря,парафраз,,,
так или иначе,присоединение(уточнение),,,
так нет,противление,,,
увы,,,оценка,
условно,,,эпистемика,
условно говоря,,,эпистемика,
фактически,,,эпистемика,
честно,,,"эпистемика,оценка",
честно говоря,,,"эпистемика,оценка",
честно сказать,,,"эпистемика,оценка",
что ни говори,присоединение(уточнение),,,
